period,timestamp,symbol,asset_idx,vol_pred,open_price,limit_price,current_low,current_high,current_close,exit_price,order_fills,asset_pnl,discount_pct,price_drop_pct
1,2024-05-20 07:00:00+00:00,BTCUSDT,0,0.021899136,66372.5,64918.996,65427.74,67963.91,66788.9,66974.0,False,0.0,2.1899188,1.4234234
1,2024-05-20 07:00:00+00:00,ETHUSDT,1,0.021279272,3072.13,3006.757,3035.8398,3150.6047,3090.39,3092.91,False,0.0,2.1279309,1.1812664
1,2024-05-20 07:00:00+00:00,BCHUSDT,2,0.021915019,477.42,466.95734,469.36157,489.19763,479.66,486.88,False,0.0,2.1915038,1.6879144
1,2024-05-20 07:00:00+00:00,XRPUSDT,3,0.021836769,0.5085,0.497396,0.50279725,0.52348745,0.5137,0.5122,False,0.0,2.1836753,1.1214817
1,2024-05-20 07:00:00+00:00,EOSUSDT,4,0.02196668,0.784,0.7667781,0.7762661,0.8091997,0.795,0.793,False,0.0,2.196667,0.9864645
1,2024-05-20 07:00:00+00:00,LTCUSDT,5,0.021906078,82.89,81.0742,81.69351,84.98185,83.51,83.32,False,0.0,2.190609,1.4434642
1,2024-05-20 07:00:00+00:00,TRXUSDT,6,0.021919467,0.12124,0.11858248,0.11982552,0.12354266,0.12158,0.12188,False,0.0,2.1919482,1.1666759
1,2024-05-20 07:00:00+00:00,ETCUSDT,7,0.021897722,27.773,27.164835,27.344084,28.499226,27.95,28.05,False,0.0,2.1897733,1.5443665
1,2024-05-20 07:00:00+00:00,LINKUSDT,8,0.022104956,16.731,16.361162,16.383091,17.047447,16.684,16.698,False,0.0,2.2104998,2.0794327
1,2024-05-20 07:00:00+00:00,XLMUSDT,9,0.02196823,0.10606,0.103730045,0.104749516,0.10852795,0.10686,0.10628,False,0.0,2.1968255,1.2356049
1,2024-05-20 07:00:00+00:00,ADAUSDT,10,0.021815259,0.462,0.45192137,0.45400256,0.47545892,0.467,0.4668,False,0.0,2.1815236,1.7310504
1,2024-05-20 07:00:00+00:00,XMRUSDT,11,0.021836672,135.13,132.17921,132.76909,137.03922,135.4,135.92,False,0.0,2.1836677,1.7471442
1,2024-05-20 07:00:00+00:00,DASHUSDT,12,0.021957505,28.83,28.196964,28.477217,29.586044,29.13,29.08,False,0.0,2.195753,1.223667
1,2024-05-20 07:00:00+00:00,ZECUSDT,13,0.021971077,23.25,22.739172,22.898163,23.92756,23.46,23.46,False,0.0,2.1971097,1.5132781
1,2024-05-20 07:00:00+00:00,XTZUSDT,14,0.021949107,0.909,0.8890482,0.90297467,0.94029737,0.924,0.912,False,0.0,2.1949134,0.66285086
1,2024-05-20 07:00:00+00:00,BNBUSDT,15,0.022117529,573.06,560.3853,564.24744,586.3231,575.68,572.65,False,0.0,2.211755,1.5378077
1,2024-05-20 07:00:00+00:00,ATOMUSDT,16,0.021862544,8.193,8.01388,8.1112795,8.476679,8.311,8.19,False,0.0,2.1862574,0.9974412
1,2024-05-20 07:00:00+00:00,ONTUSDT,17,0.022037009,0.3037,0.29700735,0.29813042,0.31353956,0.3085,0.3085,False,0.0,2.2037036,1.8339075
1,2024-05-20 07:00:00+00:00,IOTAUSDT,18,0.02190587,0.2051,0.2006071,0.2029492,0.21211077,0.2079,0.219,False,0.0,2.190587,1.048661
1,2024-05-20 07:00:00+00:00,BATUSDT,19,0.021985715,0.236,0.23081137,0.23186028,0.2446178,0.24,0.2386,False,0.0,2.1985714,1.7541193
1,2024-05-20 07:00:00+00:00,VETUSDT,20,0.022122141,0.033928,0.03317744,0.033503536,0.034958836,0.03428,0.034426,False,0.0,2.212215,1.2510709
1,2024-05-20 07:00:00+00:00,NEOUSDT,21,0.02196409,14.785,14.460261,14.630286,15.290043,15.005,14.864,False,0.0,2.1964052,1.046423
1,2024-05-20 07:00:00+00:00,QTUMUSDT,22,0.021941096,3.575,3.4965608,3.5424383,3.6947646,3.62,3.607,False,0.0,2.1941044,0.91081893
1,2024-05-20 07:00:00+00:00,IOSTUSDT,23,0.02207975,0.00885,0.0086545935,0.00874934,0.009153939,0.008958,0.008922,False,0.0,2.2079816,1.1374028
1,2024-05-20 07:00:00+00:00,THETAUSDT,24,0.022015095,2.1866,2.1384618,2.158675,2.2715766,2.2444,2.2692,False,0.0,2.2015066,1.2770975
1,2024-05-20 07:00:00+00:00,ALGOUSDT,25,0.0219307,0.1745,0.1706731,0.17211534,0.1789011,0.1759,0.1755,False,0.0,2.1930666,1.3665688
1,2024-05-20 07:00:00+00:00,ZILUSDT,26,0.021991665,0.02261,0.022112768,0.022315014,0.023350215,0.0229,0.02281,False,0.0,2.1991653,1.3046672
1,2024-05-20 07:00:00+00:00,KNCUSDT,27,0.021911453,0.5655,0.5531091,0.5572381,0.5878522,0.5752,0.5717,False,0.0,2.1911426,1.4609935
1,2024-05-20 07:00:00+00:00,ZRXUSDT,28,0.02194827,0.5399,0.5280501,0.5314855,0.55261236,0.5407,0.5418,False,0.0,2.1948287,1.5585306
1,2024-05-20 07:00:00+00:00,COMPUSDT,29,0.021907652,55.08,53.87333,54.423367,56.798595,55.65,55.22,False,0.0,2.1907637,1.1921482
1,2024-05-20 07:00:00+00:00,DOGEUSDT,30,0.021855365,0.14943,0.14616416,0.14765878,0.15372354,0.15099,0.15073,False,0.0,2.1855333,1.1853218
1,2024-05-20 07:00:00+00:00,SXPUSDT,31,0.0219015,0.3216,0.31455648,0.3186314,0.33244222,0.3271,0.3283,False,0.0,2.1901464,0.92306584
1,2024-05-20 07:00:00+00:00,KAVAUSDT,32,0.021962235,0.659,0.6445269,0.649476,0.67610544,0.6647,0.664,False,0.0,2.1962187,1.4452182
1,2024-05-20 07:00:00+00:00,BANDUSDT,33,0.021958152,1.5085,1.4753761,1.4793956,1.5673437,1.5309,1.5238,False,0.0,2.195814,1.929357
1,2024-05-20 07:00:00+00:00,RLCUSDT,34,0.021875639,3.0385,2.972031,2.9846864,3.1390913,3.0845,3.0702,False,0.0,2.1875582,1.7710612
1,2024-05-20 07:00:00+00:00,MKRUSDT,35,0.021889396,2769.7,2709.073,2729.2908,2846.0317,2790.7,2795.4,False,0.0,2.1889358,1.4589732
1,2024-05-20 07:00:00+00:00,SNXUSDT,36,0.021881003,2.572,2.515722,2.5444312,2.6572196,2.598,2.58,False,0.0,2.1881022,1.0718825
1,2024-05-20 07:00:00+00:00,DOTUSDT,37,0.022027591,6.899,6.7470317,6.8138137,7.102319,6.997,7.011,False,0.0,2.202761,1.2347656
2,2024-05-20 08:00:00+00:00,BTCUSDT,0,0.021885425,66788.9,65327.195,65503.473,68051.09,66734.6,66903.5,False,0.0,2.1885421,1.9246099
2,2024-05-20 08:00:00+00:00,ETHUSDT,1,0.021239405,3090.39,3024.752,3038.4531,3155.1475,3096.8,3083.76,False,0.0,2.1239371,1.6805894
2,2024-05-20 08:00:00+00:00,BCHUSDT,2,0.021883953,479.66,469.16315,470.89624,489.9766,480.72,484.18,False,0.0,2.1883953,1.8270781
2,2024-05-20 08:00:00+00:00,XRPUSDT,3,0.021837534,0.5137,0.50248206,0.5043356,0.52366334,0.5134,0.5116,False,0.0,2.1837554,1.8229368
2,2024-05-20 08:00:00+00:00,EOSUSDT,4,0.021959456,0.795,0.77754223,0.7775211,0.8103478,0.794,0.79,True,1.5622007846832275,2.1959476,2.198609
2,2024-05-20 08:00:00+00:00,LTCUSDT,5,0.021884903,83.51,81.682396,81.926155,85.23499,83.72,83.21,False,0.0,2.1884878,1.8965956
2,2024-05-20 08:00:00+00:00,TRXUSDT,6,0.021891369,0.12158,0.11891845,0.11924865,0.123896405,0.12148,0.12194,False,0.0,2.1891334,1.917541
2,2024-05-20 08:00:00+00:00,ETCUSDT,7,0.021889675,27.95,27.338184,27.411724,28.56376,27.935,27.918,False,0.0,2.1889675,1.9258556
2,2024-05-20 08:00:00+00:00,LINKUSDT,8,0.022021282,16.684,16.316597,16.291664,17.00331,16.701,16.457,True,0.8204964995384216,2.2021282,2.3515697
2,2024-05-20 08:00:00+00:00,XLMUSDT,9,0.02191917,0.10686,0.10451771,0.10480026,0.10867581,0.10675,0.10588,False,0.0,2.1919181,1.9275084
2,2024-05-20 08:00:00+00:00,ADAUSDT,10,0.021823239,0.467,0.45680857,0.4582246,0.4769589,0.4683,0.4651,False,0.0,2.1823213,1.8791034
2,2024-05-20 08:00:00+00:00,XMRUSDT,11,0.021842496,135.4,132.44252,132.58424,137.99399,135.47,135.31,False,0.0,2.1842494,2.0795794
2,2024-05-20 08:00:00+00:00,DASHUSDT,12,0.021932855,29.13,28.491095,28.552135,29.67974,29.18,29.04,False,0.0,2.1932874,1.9837409
2,2024-05-20 08:00:00+00:00,ZECUSDT,13,0.021918837,23.46,22.945784,23.043337,24.020464,23.5,23.38,False,0.0,2.191882,1.7760538
2,2024-05-20 08:00:00+00:00,XTZUSDT,14,0.021933675,0.924,0.9037333,0.9032272,0.937619,0.919,0.908,True,0.4321171045303345,2.193367,2.24814
2,2024-05-20 08:00:00+00:00,BNBUSDT,15,0.022030395,575.68,562.9975,566.1506,587.9926,575.9,570.07,False,0.0,2.203046,1.6553328
2,2024-05-20 08:00:00+00:00,ATOMUSDT,16,0.02188331,8.311,8.1291275,8.163738,8.490778,8.32,8.186,False,0.0,2.188333,1.7718881
2,2024-05-20 08:00:00+00:00,ONTUSDT,17,0.021993605,0.3085,0.301715,0.30276036,0.31581947,0.3095,0.3075,False,0.0,2.1993535,1.8604958
2,2024-05-20 08:00:00+00:00,IOTAUSDT,18,0.021899637,0.2079,0.20334707,0.20401983,0.2126183,0.208,0.2159,False,0.0,2.189962,1.8663651
2,2024-05-20 08:00:00+00:00,BATUSDT,19,0.02196598,0.24,0.23472816,0.2353278,0.2443014,0.2393,0.2375,False,0.0,2.1965988,1.9467499
2,2024-05-20 08:00:00+00:00,VETUSDT,20,0.022045944,0.03428,0.033524264,0.033612605,0.03498928,0.034317,0.03424,False,0.0,2.204594,1.9468881
2,2024-05-20 08:00:00+00:00,NEOUSDT,21,0.021938134,15.005,14.675818,14.694235,15.313492,15.017,14.809,False,0.0,2.1938133,2.071078
2,2024-05-20 08:00:00+00:00,QTUMUSDT,22,0.021927457,3.62,3.5406225,3.5564477,3.697153,3.614,3.612,False,0.0,2.1927464,1.755584
2,2024-05-20 08:00:00+00:00,IOSTUSDT,23,0.02200609,0.008958,0.0087608695,0.008793119,0.009158028,0.008969,0.008888,False,0.0,2.2006056,1.840594
2,2024-05-20 08:00:00+00:00,THETAUSDT,24,0.021974396,2.2444,2.1950808,2.1903512,2.2811372,2.23,2.2829,True,3.9607338905334473,2.1974366,2.4081614
2,2024-05-20 08:00:00+00:00,ALGOUSDT,25,0.021926172,0.1759,0.17204319,0.17255525,0.17992376,0.1762,0.1747,False,0.0,2.192614,1.9015034
2,2024-05-20 08:00:00+00:00,ZILUSDT,26,0.021954864,0.0229,0.022397233,0.0224729,0.023360377,0.0229,0.02271,False,0.0,2.1954892,1.865069
2,2024-05-20 08:00:00+00:00,KNCUSDT,27,0.021908097,0.5752,0.56259847,0.56234854,0.59330285,0.5786,0.5701,True,1.2933741807937622,2.1908126,2.2342622
2,2024-05-20 08:00:00+00:00,ZRXUSDT,28,0.021916343,0.5407,0.52884984,0.53027356,0.55186933,0.5421,0.5374,False,0.0,2.1916363,1.9283265
2,2024-05-20 08:00:00+00:00,COMPUSDT,29,0.021908518,55.65,54.430794,54.550896,56.75041,55.69,55.05,False,0.0,2.1908495,1.9750329
2,2024-05-20 08:00:00+00:00,DOGEUSDT,30,0.021844553,0.15099,0.14769168,0.14897157,0.15462597,0.15144,0.15104,False,0.0,2.1844578,1.3367919
2,2024-05-20 08:00:00+00:00,SXPUSDT,31,0.021903776,0.3271,0.3199353,0.3211024,0.33455843,0.3276,0.3258,False,0.0,2.1903749,1.833567
2,2024-05-20 08:00:00+00:00,KAVAUSDT,32,0.02191807,0.6647,0.65013105,0.65352243,0.6785014,0.6633,0.6588,False,0.0,2.1918046,1.6815917
2,2024-05-20 08:00:00+00:00,BANDUSDT,33,0.021915749,1.5309,1.4973493,1.4991561,1.5576996,1.5262,1.5152,False,0.0,2.1915696,2.0735438
2,2024-05-20 08:00:00+00:00,RLCUSDT,34,0.021883648,3.0845,3.017,3.0356746,3.1416206,3.0848,3.0595,False,0.0,2.1883647,1.5829308
2,2024-05-20 08:00:00+00:00,MKRUSDT,35,0.021904659,2790.7,2729.5706,2746.7732,2855.6267,2798.6,2785.6,False,0.0,2.1904683,1.5740409
2,2024-05-20 08:00:00+00:00,SNXUSDT,36,0.021862686,2.598,2.5412009,2.551208,2.6501405,2.609,2.56,False,0.0,2.1862652,1.8010789
2,2024-05-20 08:00:00+00:00,DOTUSDT,37,0.021975435,6.997,6.843238,6.88191,7.1629252,7.042,6.974,False,0.0,2.1975465,1.644853
3,2024-05-20 09:00:00+00:00,BTCUSDT,0,0.021890253,66734.6,65273.76,65401.21,68225.02,66865.7,67063.8,False,0.0,2.189029,1.99805
3,2024-05-20 09:00:00+00:00,ETHUSDT,1,0.021249197,3096.8,3030.9956,3038.3167,3161.2917,3096.01,3093.16,False,0.0,2.1249173,1.8885106
3,2024-05-20 09:00:00+00:00,BCHUSDT,2,0.021906123,480.72,470.18927,469.43338,491.00443,477.39,485.81,True,3.2822213172912598,2.1906164,2.3478577
3,2024-05-20 09:00:00+00:00,XRPUSDT,3,0.02184665,0.5134,0.502184,0.50335234,0.52276975,0.5107,0.513,False,0.0,2.18466,1.9570848
3,2024-05-20 09:00:00+00:00,EOSUSDT,4,0.021934206,0.794,0.77658427,0.7773033,0.8099237,0.793,0.793,False,0.0,2.1934206,2.1028652
3,2024-05-20 09:00:00+00:00,LTCUSDT,5,0.021884799,83.72,81.8878,82.15255,84.99545,83.32,83.41,False,0.0,2.1884844,1.8722545
3,2024-05-20 09:00:00+00:00,TRXUSDT,6,0.021884512,0.12148,0.11882147,0.11902047,0.123667024,0.1214,0.12187,False,0.0,2.1884515,2.0246408
3,2024-05-20 09:00:00+00:00,ETCUSDT,7,0.021888318,27.935,27.32355,27.561947,28.557747,27.899,27.987,False,0.0,2.188832,1.3354307
3,2024-05-20 09:00:00+00:00,LINKUSDT,8,0.021997554,16.701,16.333618,16.416258,17.036484,16.731,16.519,False,0.0,2.199761,1.7049419
3,2024-05-20 09:00:00+00:00,XLMUSDT,9,0.021911236,0.10675,0.10441097,0.104940094,0.10871634,0.10639,0.10622,False,0.0,2.1911268,1.6954591
3,2024-05-20 09:00:00+00:00,ADAUSDT,10,0.02182615,0.4683,0.45807883,0.45770714,0.47813967,0.4664,0.4676,True,2.0384974479675293,2.1826143,2.2619855
3,2024-05-20 09:00:00+00:00,XMRUSDT,11,0.02185695,135.47,132.50903,133.3895,138.2976,135.99,134.84,False,0.0,2.1857002,1.5357684
3,2024-05-20 09:00:00+00:00,DASHUSDT,12,0.021917513,29.18,28.540447,28.481361,29.661453,29.04,29.17,True,2.1658270359039307,2.1917515,2.394239
3,2024-05-20 09:00:00+00:00,ZECUSDT,13,0.021899527,23.5,22.985361,23.091532,24.000582,23.43,23.46,False,0.0,2.1899526,1.7381628
3,2024-05-20 09:00:00+00:00,XTZUSDT,14,0.021926334,0.919,0.8988497,0.89281505,0.92790246,0.912,0.911,True,1.3117595911026,2.1926336,2.84929
3,2024-05-20 09:00:00+00:00,BNBUSDT,15,0.022002483,575.9,563.2288,563.83466,587.3964,571.79,571.63,False,0.0,2.2002437,2.0950458
3,2024-05-20 09:00:00+00:00,ATOMUSDT,16,0.021874199,8.32,8.138006,8.148139,8.486567,8.305,8.208,False,0.0,2.1874218,2.0656335
3,2024-05-20 09:00:00+00:00,ONTUSDT,17,0.021978129,0.3095,0.30269778,0.30221346,0.31588984,0.3076,0.3087,True,1.9429078102111816,2.1978128,2.3542967
3,2024-05-20 09:00:00+00:00,IOTAUSDT,18,0.021885235,0.208,0.20344788,0.20411474,0.21981028,0.2154,0.2158,False,0.0,2.188522,1.8679178
3,2024-05-20 09:00:00+00:00,BATUSDT,19,0.021931048,0.2393,0.2340519,0.23398462,0.24385796,0.2386,0.2387,True,1.9459290504455566,2.1931047,2.2212195
3,2024-05-20 09:00:00+00:00,VETUSDT,20,0.022005714,0.034317,0.03356183,0.033709217,0.035041183,0.034312,0.034403,False,0.0,2.2005775,1.7710897
3,2024-05-20 09:00:00+00:00,NEOUSDT,21,0.02191227,15.017,14.687943,14.689639,15.308733,14.93,14.883,False,0.0,2.1912282,2.1799366
3,2024-05-20 09:00:00+00:00,QTUMUSDT,22,0.02190091,3.614,3.5348504,3.5386155,3.6962073,3.602,3.613,False,0.0,2.1900864,2.085905
3,2024-05-20 09:00:00+00:00,IOSTUSDT,23,0.021975225,0.008969,0.008771904,0.008768493,0.009111108,0.008924,0.008925,True,1.7053041458129883,2.1975226,2.235548
3,2024-05-20 09:00:00+00:00,THETAUSDT,24,0.021947637,2.23,2.1810567,2.1816018,2.2791264,2.2537,2.3003,False,0.0,2.194766,2.1703255
3,2024-05-20 09:00:00+00:00,ALGOUSDT,25,0.021919645,0.1762,0.17233776,0.1721026,0.1793862,0.1757,0.1756,True,1.8529407978057861,2.1919675,2.3254268
3,2024-05-20 09:00:00+00:00,ZILUSDT,26,0.021919288,0.0229,0.022398047,0.02241497,0.023247123,0.02279,0.02278,False,0.0,2.1919348,2.118039
3,2024-05-20 09:00:00+00:00,KNCUSDT,27,0.021969732,0.5786,0.5658883,0.5636667,0.58930856,0.5743,0.5714,True,0.933991014957428,2.1969762,2.5809348
3,2024-05-20 09:00:00+00:00,ZRXUSDT,28,0.021932997,0.5421,0.53021014,0.53355503,0.5581055,0.5456,0.5369,False,0.0,2.193299,1.576274
3,2024-05-20 09:00:00+00:00,COMPUSDT,29,0.021891197,55.69,54.47088,54.606205,56.77591,55.44,55.28,False,0.0,2.1891184,1.9461191
3,2024-05-20 09:00:00+00:00,DOGEUSDT,30,0.02185891,0.15144,0.14812967,0.14894022,0.15425351,0.15118,0.15187,False,0.0,2.1858974,1.6506696
3,2024-05-20 09:00:00+00:00,SXPUSDT,31,0.021895368,0.3276,0.3204271,0.32111314,0.334699,0.3272,0.3274,False,0.0,2.1895337,1.9801167
3,2024-05-20 09:00:00+00:00,KAVAUSDT,32,0.021925265,0.6633,0.6487569,0.65033734,0.6762022,0.6634,0.6603,False,0.0,2.1925309,1.9542649
3,2024-05-20 09:00:00+00:00,BANDUSDT,33,0.021918029,1.5262,1.4927487,1.4875864,1.5542395,1.517,1.5177,True,1.6314949989318848,2.1918044,2.5300534
3,2024-05-20 09:00:00+00:00,RLCUSDT,34,0.021887971,3.0848,3.01728,3.0176845,3.1367233,3.0724,3.0634,False,0.0,2.1887937,2.1756854
3,2024-05-20 09:00:00+00:00,MKRUSDT,35,0.02190986,2798.6,2737.2832,2736.2397,2847.0981,2791.3,2807.3,True,2.5178956985473633,2.1909845,2.2282696
3,2024-05-20 09:00:00+00:00,SNXUSDT,36,0.021849643,2.609,2.5519943,2.5631292,2.6623175,2.599,2.587,False,0.0,2.1849616,1.7581748
3,2024-05-20 09:00:00+00:00,DOTUSDT,37,0.021961756,7.042,6.8873453,6.9089847,7.1801157,7.003,7.014,False,0.0,2.196173,1.8888834
4,2024-05-20 10:00:00+00:00,BTCUSDT,0,0.021887472,66865.7,65402.18,65708.5,68425.37,67072.8,66963.0,False,0.0,2.1887505,1.7306378
4,2024-05-20 10:00:00+00:00,ETHUSDT,1,0.02123687,3096.01,3030.2603,3042.4153,3164.2148,3103.24,3089.18,False,0.0,2.1236932,1.7310903
4,2024-05-20 10:00:00+00:00,BCHUSDT,2,0.021882145,477.39,466.94373,470.33585,508.99457,491.58,484.28,False,0.0,2.1882086,1.4776531
4,2024-05-20 10:00:00+00:00,XRPUSDT,3,0.021843506,0.5107,0.4995445,0.5009328,0.5228882,0.5126,0.5151,False,0.0,2.1843522,1.9125074
4,2024-05-20 10:00:00+00:00,EOSUSDT,4,0.021938669,0.793,0.7756026,0.7766917,0.8113539,0.796,0.789,False,0.0,2.193872,2.056533
4,2024-05-20 10:00:00+00:00,LTCUSDT,5,0.021881368,83.32,81.49685,81.90586,85.25805,83.52,83.39,False,0.0,2.1881309,1.6972382
4,2024-05-20 10:00:00+00:00,TRXUSDT,6,0.021859588,0.1214,0.11874624,0.11912934,0.12349836,0.12174,0.12204,False,0.0,2.1859598,1.8703965
4,2024-05-20 10:00:00+00:00,ETCUSDT,7,0.021886969,27.899,27.288376,27.51032,28.67052,28.08,27.894,False,0.0,2.188696,1.3931664
4,2024-05-20 10:00:00+00:00,LINKUSDT,8,0.02200649,16.731,16.36281,16.377605,17.021698,16.661,16.48,False,0.0,2.20065,2.1122196
4,2024-05-20 10:00:00+00:00,XLMUSDT,9,0.021921236,0.10639,0.104057804,0.10457642,0.108491026,0.10655,0.10611,False,0.0,2.1921194,1.7046556
4,2024-05-20 10:00:00+00:00,ADAUSDT,10,0.021816615,0.4664,0.45622474,0.45862335,0.47847414,0.4683,0.4653,False,0.0,2.181659,1.6673774
4,2024-05-20 10:00:00+00:00,XMRUSDT,11,0.021845361,135.99,133.01926,132.61638,138.50879,135.79,135.07,True,1.5016945600509644,2.1845348,2.4807901
4,2024-05-20 10:00:00+00:00,DASHUSDT,12,0.021928033,29.04,28.403212,28.629868,29.81869,29.21,29.0,False,0.0,2.1928008,1.412305
4,2024-05-20 10:00:00+00:00,ZECUSDT,13,0.021935316,23.43,22.916056,22.946177,24.01428,23.57,23.36,False,0.0,2.1935322,2.0649755
4,2024-05-20 10:00:00+00:00,XTZUSDT,14,0.021904457,0.912,0.89202315,0.8975452,0.9319808,0.914,0.907,False,0.0,2.1904447,1.5849541
4,2024-05-20 10:00:00+00:00,BNBUSDT,15,0.022014827,571.79,559.2021,562.53143,585.3954,573.49,571.39,False,0.0,2.2014885,1.6192212
4,2024-05-20 10:00:00+00:00,ATOMUSDT,16,0.02184287,8.305,8.123595,8.117345,8.449965,8.28,8.201,True,0.9128413200378418,2.1842873,2.2595477
4,2024-05-20 10:00:00+00:00,ONTUSDT,17,0.021959137,0.3076,0.30084535,0.30218926,0.31566697,0.3092,0.3069,False,0.0,2.1959157,1.7590152
4,2024-05-20 10:00:00+00:00,IOTAUSDT,18,0.021963544,0.2154,0.21066906,0.21250537,0.22060853,0.2163,0.215,False,0.0,2.1963508,1.3438371
4,2024-05-20 10:00:00+00:00,BATUSDT,19,0.021961221,0.2386,0.23336005,0.23557232,0.24473992,0.2394,0.2375,False,0.0,2.1961226,1.2689345
4,2024-05-20 10:00:00+00:00,VETUSDT,20,0.022017282,0.034312,0.03355654,0.03379178,0.0351466,0.034411,0.034129,False,0.0,2.2017343,1.5161406
4,2024-05-20 10:00:00+00:00,NEOUSDT,21,0.02191548,14.93,14.602802,14.618783,15.266906,14.953,14.794,False,0.0,2.1915474,2.0845096
4,2024-05-20 10:00:00+00:00,QTUMUSDT,22,0.021893317,3.602,3.5231402,3.5386453,3.6955543,3.621,3.59,False,0.0,2.189334,1.7588764
4,2024-05-20 10:00:00+00:00,IOSTUSDT,23,0.021970225,0.008924,0.008727938,0.008778767,0.0091466345,0.008962,0.008877,False,0.0,2.1970196,1.6274456
4,2024-05-20 10:00:00+00:00,THETAUSDT,24,0.021982267,2.2537,2.2041585,2.229048,2.3171828,2.2736,2.2792,False,0.0,2.1982284,1.0938458
4,2024-05-20 10:00:00+00:00,ALGOUSDT,25,0.021926327,0.1757,0.17184754,0.17289841,0.17946537,0.1757,0.1751,False,0.0,2.1926334,1.5945262
4,2024-05-20 10:00:00+00:00,ZILUSDT,26,0.021947347,0.02279,0.02228982,0.02243346,0.023308972,0.02286,0.02273,False,0.0,2.1947336,1.5644584
4,2024-05-20 10:00:00+00:00,KNCUSDT,27,0.021895813,0.5743,0.5617252,0.56481886,0.58972234,0.5776,0.5671,False,0.0,2.189586,1.6509023
4,2024-05-20 10:00:00+00:00,ZRXUSDT,28,0.021925606,0.5456,0.53363734,0.5351965,0.5559831,0.5426,0.5381,False,0.0,2.1925683,1.9068025
4,2024-05-20 10:00:00+00:00,COMPUSDT,29,0.021866878,55.44,54.2277,54.479095,56.486126,55.54,55.05,False,0.0,2.186687,1.7332308
4,2024-05-20 10:00:00+00:00,DOGEUSDT,30,0.021833077,0.15118,0.14787927,0.14852025,0.15456569,0.15192,0.15141,False,0.0,2.183309,1.7593287
4,2024-05-20 10:00:00+00:00,SXPUSDT,31,0.021872401,0.3272,0.32004336,0.32176384,0.33492088,0.3284,0.3259,False,0.0,2.1872373,1.6614158
4,2024-05-20 10:00:00+00:00,KAVAUSDT,32,0.02193252,0.6634,0.64884996,0.6514581,0.6797977,0.6672,0.6602,False,0.0,2.1932514,1.800107
4,2024-05-20 10:00:00+00:00,BANDUSDT,33,0.021899931,1.517,1.4837778,1.4958215,1.5598722,1.5246,1.5159,False,0.0,2.1899934,1.3960768
4,2024-05-20 10:00:00+00:00,RLCUSDT,34,0.021868128,3.0724,3.0052125,3.0206258,3.1371672,3.0704,3.0546,False,0.0,2.1868098,1.6851406
4,2024-05-20 10:00:00+00:00,MKRUSDT,35,0.021909826,2791.3,2730.143,2730.56,2848.6194,2796.3,2774.2,False,0.0,2.1909854,2.1760466
4,2024-05-20 10:00:00+00:00,SNXUSDT,36,0.021845184,2.599,2.5422244,2.5519795,2.6511533,2.595,2.566,False,0.0,2.184516,1.8091742
4,2024-05-20 10:00:00+00:00,DOTUSDT,37,0.0219737,7.003,6.8491178,6.88608,7.1660337,7.039,6.996,False,0.0,2.197373,1.6695702
5,2024-05-20 11:00:00+00:00,BTCUSDT,0,0.021871688,67072.8,65605.805,65726.33,68368.66,66974.0,67382.1,False,0.0,2.187164,2.0074737
5,2024-05-20 11:00:00+00:00,ETHUSDT,1,0.021246418,3103.24,3037.3071,3036.8132,3152.1865,3092.91,3116.95,True,2.5821526050567627,2.124646,2.1405616
5,2024-05-20 11:00:00+00:00,BCHUSDT,2,0.022046283,491.58,480.7425,477.14645,500.8001,486.88,484.78,True,0.7998479604721069,2.2046247,2.9361515
5,2024-05-20 11:00:00+00:00,XRPUSDT,3,0.021905957,0.5126,0.501371,0.50248605,0.5227622,0.5122,0.5165,False,0.0,2.1905928,1.9730694
5,2024-05-20 11:00:00+00:00,EOSUSDT,4,0.021901272,0.796,0.7785666,0.7781657,0.8088547,0.793,0.794,True,1.9422879219055176,2.1901262,2.2404907
5,2024-05-20 11:00:00+00:00,LTCUSDT,5,0.021864193,83.52,81.6939,81.93572,85.04617,83.32,83.6,False,0.0,2.186417,1.8968801
5,2024-05-20 11:00:00+00:00,TRXUSDT,6,0.021883534,0.12174,0.119075894,0.11955851,0.12411054,0.12188,0.12203,False,0.0,2.1883557,1.7919216
5,2024-05-20 11:00:00+00:00,ETCUSDT,7,0.021851707,28.08,27.466404,27.5562,28.651028,28.05,28.134,False,0.0,2.1851707,1.8653842
5,2024-05-20 11:00:00+00:00,LINKUSDT,8,0.021993138,16.661,16.29457,16.34665,17.035496,16.698,16.479,False,0.0,2.1993182,1.8867424
5,2024-05-20 11:00:00+00:00,XLMUSDT,9,0.021934258,0.10655,0.1042129,0.104360275,0.108448334,0.10628,0.10684,False,0.0,2.1934285,2.0551157
5,2024-05-20 11:00:00+00:00,ADAUSDT,10,0.021867104,0.4683,0.45805964,0.4582532,0.47656444,0.4668,0.4683,False,0.0,2.1867127,2.145379
5,2024-05-20 11:00:00+00:00,XMRUSDT,11,0.021878328,135.79,132.81914,132.91484,138.25005,135.92,135.68,False,0.0,2.1878312,2.1173525
5,2024-05-20 11:00:00+00:00,DASHUSDT,12,0.021897716,29.21,28.570366,28.640884,29.874466,29.08,29.32,False,0.0,2.1897748,1.9483557
5,2024-05-20 11:00:00+00:00,ZECUSDT,13,0.021913353,23.57,23.053501,23.106049,24.091448,23.46,23.49,False,0.0,2.1913388,1.9683968
5,2024-05-20 11:00:00+00:00,XTZUSDT,14,0.021940518,0.914,0.89394635,0.89666754,0.93096465,0.912,0.917,False,0.0,2.1940508,1.8963277
5,2024-05-20 11:00:00+00:00,BNBUSDT,15,0.022004524,573.49,560.8706,563.30896,584.63995,572.65,576.6,False,0.0,2.2004542,1.7752761
5,2024-05-20 11:00:00+00:00,ATOMUSDT,16,0.021846464,8.28,8.099111,8.062498,8.393541,8.19,8.316,True,2.6379408836364746,2.1846514,2.6268315
5,2024-05-20 11:00:00+00:00,ONTUSDT,17,0.02195625,0.3092,0.3024111,0.30296668,0.31510705,0.3085,0.3103,False,0.0,2.1956275,2.0159461
5,2024-05-20 11:00:00+00:00,IOTAUSDT,18,0.0218792,0.2163,0.21156752,0.21340974,0.22718716,0.219,0.2201,False,0.0,2.1879218,1.336227
5,2024-05-20 11:00:00+00:00,BATUSDT,19,0.021930765,0.2394,0.23414978,0.2356789,0.24460188,0.2386,0.2409,False,0.0,2.1930723,1.5543455
5,2024-05-20 11:00:00+00:00,VETUSDT,20,0.02202254,0.034411,0.03365318,0.033865992,0.035134543,0.034426,0.034635,False,0.0,2.2022529,1.583814
5,2024-05-20 11:00:00+00:00,NEOUSDT,21,0.021936474,14.953,14.624984,14.624246,15.233227,14.864,14.93,True,2.0455853939056396,2.1936486,2.198585
5,2024-05-20 11:00:00+00:00,QTUMUSDT,22,0.021928515,3.621,3.541597,3.5420465,3.6859572,3.607,3.62,False,0.0,2.1928518,2.1804338
5,2024-05-20 11:00:00+00:00,IOSTUSDT,23,0.021978129,0.008962,0.008765032,0.008790687,0.009137021,0.008922,0.008971,False,0.0,2.1978152,1.9115494
5,2024-05-20 11:00:00+00:00,THETAUSDT,24,0.021981517,2.2736,2.2236228,2.2456007,2.337586,2.2692,2.3527,False,0.0,2.198157,1.2315007
5,2024-05-20 11:00:00+00:00,ALGOUSDT,25,0.021898493,0.1757,0.17185242,0.17239755,0.17945747,0.1755,0.1774,False,0.0,2.1898518,1.8795904
5,2024-05-20 11:00:00+00:00,ZILUSDT,26,0.021953683,0.02286,0.022358138,0.02245509,0.02330508,0.02281,0.02299,False,0.0,2.195371,1.7712566
5,2024-05-20 11:00:00+00:00,KNCUSDT,27,0.021935236,0.5776,0.5649302,0.563257,0.5879404,0.5717,0.5741,True,1.583177089691162,2.1935253,2.4832103
5,2024-05-20 11:00:00+00:00,ZRXUSDT,28,0.021975793,0.5426,0.5306759,0.53223747,0.5531394,0.5418,0.5436,False,0.0,2.1975837,1.9097874
5,2024-05-20 11:00:00+00:00,COMPUSDT,29,0.021881403,55.54,54.324707,54.146694,56.732418,55.22,55.53,True,2.178680658340454,2.1881416,2.5086544
5,2024-05-20 11:00:00+00:00,DOGEUSDT,30,0.021875095,0.15192,0.14859675,0.14847632,0.15488324,0.15073,0.15229,True,2.4454197883605957,2.1875045,2.2667773
5,2024-05-20 11:00:00+00:00,SXPUSDT,31,0.021891389,0.3284,0.32121083,0.32246464,0.33439794,0.3283,0.3293,False,0.0,2.1891458,1.8073512
5,2024-05-20 11:00:00+00:00,KAVAUSDT,32,0.021929689,0.6672,0.6525685,0.65875053,0.6776501,0.664,0.6651,False,0.0,2.192972,1.2664111
5,2024-05-20 11:00:00+00:00,BANDUSDT,33,0.021975968,1.5246,1.4910954,1.4894395,1.554604,1.5238,1.5309,True,2.629485607147217,2.1975996,2.306214
5,2024-05-20 11:00:00+00:00,RLCUSDT,34,0.021851607,3.0704,3.0033069,3.0162358,3.1372216,3.0702,3.1173,False,0.0,2.1851594,1.7640755
5,2024-05-20 11:00:00+00:00,MKRUSDT,35,0.021927876,2796.3,2734.9832,2742.4763,2852.2588,2795.4,2783.0,False,0.0,2.1927867,1.9248195
5,2024-05-20 11:00:00+00:00,SNXUSDT,36,0.021847267,2.595,2.5383065,2.5307477,2.640827,2.58,2.607,True,2.66627836227417,2.1847227,2.4760067
5,2024-05-20 11:00:00+00:00,DOTUSDT,37,0.021951295,7.039,6.884485,6.908126,7.1785803,7.011,7.047,False,0.0,2.1951308,1.8592721
6,2024-05-20 12:00:00+00:00,BTCUSDT,0,0.021892345,66974.0,65507.78,65648.53,68126.92,66903.5,68164.4,False,0.0,2.1892357,1.9790796
6,2024-05-20 12:00:00+00:00,ETHUSDT,1,0.021228239,3092.91,3027.253,3027.3572,3145.1738,3083.76,3133.79,False,0.0,2.1228223,2.1194518
6,2024-05-20 12:00:00+00:00,BCHUSDT,2,0.021897638,486.88,476.2185,474.9027,493.56467,484.18,488.44,True,2.5263633728027344,2.189759,2.4600096
6,2024-05-20 12:00:00+00:00,XRPUSDT,3,0.021825742,0.5122,0.50102085,0.50322586,0.5216151,0.5116,0.5193,False,0.0,2.182575,1.7520763
6,2024-05-20 12:00:00+00:00,EOSUSDT,4,0.021941787,0.793,0.77560014,0.77632123,0.8096296,0.79,0.804,False,0.0,2.1941803,2.1032474
6,2024-05-20 12:00:00+00:00,LTCUSDT,5,0.021899557,83.32,81.49532,81.66693,85.03252,83.21,83.9,False,0.0,2.1899621,1.9839996
6,2024-05-20 12:00:00+00:00,TRXUSDT,6,0.021864904,0.12188,0.11921511,0.11966707,0.12394054,0.12194,0.12222,False,0.0,2.1864898,1.8156664
6,2024-05-20 12:00:00+00:00,ETCUSDT,7,0.021902256,28.05,27.43564,27.469997,28.448105,27.918,28.253,False,0.0,2.1902277,2.0677426
6,2024-05-20 12:00:00+00:00,LINKUSDT,8,0.021981694,16.698,16.33095,16.168379,16.971088,16.457,16.522,True,1.1298620700836182,2.1981685,3.171764
6,2024-05-20 12:00:00+00:00,XLMUSDT,9,0.021897424,0.10628,0.10395274,0.10385164,0.10819615,0.10588,0.10724,True,3.1222596168518066,2.1897402,2.2848704
6,2024-05-20 12:00:00+00:00,ADAUSDT,10,0.021810241,0.4668,0.456619,0.45718035,0.4753726,0.4651,0.4722,False,0.0,2.181022,2.0607655
6,2024-05-20 12:00:00+00:00,XMRUSDT,11,0.021843005,135.92,132.9511,132.81444,138.66376,135.31,135.97,True,2.23068904876709,2.1843014,2.2848442
6,2024-05-20 12:00:00+00:00,DASHUSDT,12,0.02193129,29.08,28.442238,28.49631,29.618834,29.04,29.43,False,0.0,2.1931295,2.0071893
6,2024-05-20 12:00:00+00:00,ZECUSDT,13,0.021937449,23.46,22.945347,22.906326,23.954124,23.38,23.48,True,2.290113925933838,2.1937437,2.3600717
6,2024-05-20 12:00:00+00:00,XTZUSDT,14,0.02188808,0.912,0.89203805,0.8923675,0.9254768,0.908,0.927,False,0.0,2.1888108,2.1526885
6,2024-05-20 12:00:00+00:00,BNBUSDT,15,0.021990225,572.65,560.0573,559.4301,582.7923,570.07,578.25,True,3.208361864089966,2.1990242,2.3085496
6,2024-05-20 12:00:00+00:00,ATOMUSDT,16,0.02184178,8.19,8.011115,8.033304,8.351955,8.186,8.421,False,0.0,2.184182,1.9132525
6,2024-05-20 12:00:00+00:00,ONTUSDT,17,0.021937925,0.3085,0.30173215,0.30207998,0.3145404,0.3075,0.3129,False,0.0,2.1937892,2.0810425
6,2024-05-20 12:00:00+00:00,IOTAUSDT,18,0.021985907,0.219,0.21418509,0.21150532,0.2235744,0.2159,0.2205,True,2.90834641456604,2.1985881,3.4222252
6,2024-05-20 12:00:00+00:00,BATUSDT,19,0.021964062,0.2386,0.23335937,0.23326486,0.24306883,0.2375,0.2435,True,4.3054986000061035,2.19641,2.2360172
6,2024-05-20 12:00:00+00:00,VETUSDT,20,0.021996189,0.034426,0.03366876,0.033694897,0.034947623,0.03424,0.034913,False,0.0,2.199616,2.1236947
6,2024-05-20 12:00:00+00:00,NEOUSDT,21,0.021903742,14.864,14.538423,14.476948,15.185675,14.809,15.161,True,4.242291450500488,2.1903775,2.6039596
6,2024-05-20 12:00:00+00:00,QTUMUSDT,22,0.021882733,3.607,3.5280693,3.525985,3.6732478,3.612,3.662,True,3.7561469078063965,2.1882687,2.2460525
6,2024-05-20 12:00:00+00:00,IOSTUSDT,23,0.021952353,0.008922,0.008726141,0.008726695,0.009102571,0.008888,0.009044,False,0.0,2.1952364,2.189036
6,2024-05-20 12:00:00+00:00,THETAUSDT,24,0.021986667,2.2692,2.219308,2.2319694,2.3171358,2.2829,2.3281,False,0.0,2.1986685,1.6406986
6,2024-05-20 12:00:00+00:00,ALGOUSDT,25,0.02192255,0.1755,0.1716526,0.17186153,0.17860642,0.1747,0.1788,False,0.0,2.1922536,2.0732057
6,2024-05-20 12:00:00+00:00,ZILUSDT,26,0.021946063,0.02281,0.022309411,0.022237906,0.023166193,0.02271,0.02318,True,3.8623404502868652,2.1946058,2.5080872
6,2024-05-20 12:00:00+00:00,KNCUSDT,27,0.021893049,0.5717,0.5591837,0.55994344,0.5848373,0.5701,0.5801,False,0.0,2.1893055,2.0564177
6,2024-05-20 12:00:00+00:00,ZRXUSDT,28,0.021892725,0.5418,0.5299385,0.53005975,0.552852,0.5374,0.5508,False,0.0,2.189277,2.1669004
6,2024-05-20 12:00:00+00:00,COMPUSDT,29,0.021867417,55.22,54.012486,54.208527,56.277065,55.05,56.24,False,0.0,2.186736,1.8317177
6,2024-05-20 12:00:00+00:00,DOGEUSDT,30,0.021829043,0.15073,0.1474397,0.14783503,0.15393159,0.15104,0.15219,False,0.0,2.1829069,1.9206315
6,2024-05-20 12:00:00+00:00,SXPUSDT,31,0.021885935,0.3283,0.32111484,0.31972638,0.33473358,0.3258,0.3318,True,3.287524700164795,2.1885962,2.6115203
6,2024-05-20 12:00:00+00:00,KAVAUSDT,32,0.021924432,0.664,0.64944214,0.64872164,0.67535186,0.6588,0.6702,True,3.156259298324585,2.1924458,2.3009548
6,2024-05-20 12:00:00+00:00,BANDUSDT,33,0.021873433,1.5238,1.4904693,1.4949791,1.5572599,1.5152,1.537,False,0.0,2.1873393,1.8913815
6,2024-05-20 12:00:00+00:00,RLCUSDT,34,0.021865355,3.0702,3.003069,3.0193002,3.1400058,3.0595,3.1622,False,0.0,2.1865363,1.6578641
6,2024-05-20 12:00:00+00:00,MKRUSDT,35,0.02189894,2795.4,2734.1836,2732.3406,2856.116,2785.6,2782.4,True,1.723462700843811,2.1898947,2.255825
6,2024-05-20 12:00:00+00:00,SNXUSDT,36,0.021854552,2.58,2.5236151,2.5188856,2.6333542,2.56,2.636,True,4.413325786590576,2.1854575,2.3687718
6,2024-05-20 12:00:00+00:00,DOTUSDT,37,0.02196012,7.011,6.8570375,6.8285027,7.1323366,6.974,7.117,True,3.751178741455078,2.1960151,2.6030166
7,2024-05-20 13:00:00+00:00,BTCUSDT,0,0.02188969,66903.5,65439.004,65726.22,68328.26,67063.8,68294.7,False,0.0,2.188968,1.7596707
7,2024-05-20 13:00:00+00:00,ETHUSDT,1,0.021240612,3083.76,3018.259,3027.8032,3152.3867,3093.16,3142.55,False,0.0,2.124062,1.8145635
7,2024-05-20 13:00:00+00:00,BCHUSDT,2,0.021912087,484.18,473.5706,474.3916,494.66382,485.81,487.64,False,0.0,2.191211,2.021643
7,2024-05-20 13:00:00+00:00,XRPUSDT,3,0.021841787,0.5116,0.50042576,0.5017279,0.52189267,0.513,0.5224,False,0.0,2.1841793,1.9296596
7,2024-05-20 13:00:00+00:00,EOSUSDT,4,0.021929968,0.79,0.77267534,0.7747351,0.8048193,0.793,0.803,False,0.0,2.1929982,1.9322693
7,2024-05-20 13:00:00+00:00,LTCUSDT,5,0.021893024,83.21,81.38828,81.683304,84.75451,83.41,83.94,False,0.0,2.1892998,1.8347498
7,2024-05-20 13:00:00+00:00,TRXUSDT,6,0.021866031,0.12194,0.11927366,0.11949411,0.124255694,0.12187,0.12207,False,0.0,2.1865993,2.0058155
7,2024-05-20 13:00:00+00:00,ETCUSDT,7,0.021887321,27.918,27.30695,27.376682,28.589972,27.987,28.289,False,0.0,2.18873,1.9389534
7,2024-05-20 13:00:00+00:00,LINKUSDT,8,0.022019284,16.457,16.09463,16.114607,16.785435,16.519,16.597,False,0.0,2.2019289,2.0805364
7,2024-05-20 13:00:00+00:00,XLMUSDT,9,0.02192583,0.10588,0.103558496,0.10386637,0.10795808,0.10622,0.10773,False,0.0,2.1925802,1.901805
7,2024-05-20 13:00:00+00:00,ADAUSDT,10,0.021816088,0.4651,0.45495334,0.45618263,0.47479585,0.4676,0.4685,False,0.0,2.1816056,1.9172999
7,2024-05-20 13:00:00+00:00,XMRUSDT,11,0.021849819,135.31,132.3535,132.01874,137.4541,134.84,135.48,True,2.3222310543060303,2.1849806,2.4323847
7,2024-05-20 13:00:00+00:00,DASHUSDT,12,0.021923728,29.04,28.403336,28.520447,29.688358,29.17,29.52,False,0.0,2.1923738,1.7890983
7,2024-05-20 13:00:00+00:00,ZECUSDT,13,0.021927476,23.38,22.867334,22.930098,23.880453,23.46,23.45,False,0.0,2.1927495,1.9243011
7,2024-05-20 13:00:00+00:00,XTZUSDT,14,0.021909941,0.908,0.88810575,0.8896476,0.9244174,0.911,0.929,False,0.0,2.1909957,2.0211883
7,2024-05-20 13:00:00+00:00,BNBUSDT,15,0.022011798,570.07,557.5217,560.774,582.38354,571.63,578.49,False,0.0,2.2011821,1.6306804
7,2024-05-20 13:00:00+00:00,ATOMUSDT,16,0.021825755,8.186,8.007335,8.036266,8.340503,8.208,8.403,False,0.0,2.1825697,1.8291417
7,2024-05-20 13:00:00+00:00,ONTUSDT,17,0.021954833,0.3075,0.30074888,0.30123353,0.314029,0.3087,0.3146,False,0.0,2.1954863,2.037878
7,2024-05-20 13:00:00+00:00,IOTAUSDT,18,0.021909472,0.2159,0.21116975,0.21147971,0.22071275,0.2158,0.2212,False,0.0,2.190947,2.047381
7,2024-05-20 13:00:00+00:00,BATUSDT,19,0.021946324,0.2375,0.23228775,0.23253857,0.24229947,0.2387,0.2441,False,0.0,2.1946306,2.0890236
7,2024-05-20 13:00:00+00:00,VETUSDT,20,0.022027455,0.03424,0.03348578,0.033662587,0.034892667,0.034403,0.035005,False,0.0,2.2027411,1.6863685
7,2024-05-20 13:00:00+00:00,NEOUSDT,21,0.02191746,14.809,14.484425,14.55326,15.138256,14.883,15.19,False,0.0,2.1917443,1.726924
7,2024-05-20 13:00:00+00:00,QTUMUSDT,22,0.021911023,3.612,3.5328574,3.5341065,3.6835444,3.613,3.672,False,0.0,2.191101,2.15652
7,2024-05-20 13:00:00+00:00,IOSTUSDT,23,0.021987304,0.008888,0.008692577,0.008703073,0.008997458,0.008925,0.009093,False,0.0,2.1987302,2.0806384
7,2024-05-20 13:00:00+00:00,THETAUSDT,24,0.021970302,2.2829,2.2327442,2.246485,2.356639,2.3003,2.3634,False,0.0,2.1970246,1.5951246
7,2024-05-20 13:00:00+00:00,ALGOUSDT,25,0.021907995,0.1747,0.17087269,0.17141414,0.17838413,0.1756,0.1792,False,0.0,2.1907947,1.8808643
7,2024-05-20 13:00:00+00:00,ZILUSDT,26,0.021942107,0.02271,0.022211695,0.02223543,0.023137834,0.02278,0.02325,False,0.0,2.1942058,2.0896895
7,2024-05-20 13:00:00+00:00,KNCUSDT,27,0.021905446,0.5701,0.5576117,0.5598227,0.582633,0.5714,0.5819,False,0.0,2.1905465,1.8027242
7,2024-05-20 13:00:00+00:00,ZRXUSDT,28,0.021933854,0.5374,0.5256128,0.5246882,0.5482439,0.5369,0.5514,True,4.866127967834473,2.1933823,2.3654304
7,2024-05-20 13:00:00+00:00,COMPUSDT,29,0.021889305,55.05,53.844994,53.995716,56.373653,55.28,56.29,False,0.0,2.1889296,1.9151375
7,2024-05-20 13:00:00+00:00,DOGEUSDT,30,0.021865726,0.15104,0.1477374,0.14819734,0.15433724,0.15187,0.15317,False,0.0,2.1865757,1.8820608
7,2024-05-20 13:00:00+00:00,SXPUSDT,31,0.02189567,0.3258,0.3186664,0.32034183,0.33271858,0.3274,0.3332,False,0.0,2.1895652,1.675315
7,2024-05-20 13:00:00+00:00,KAVAUSDT,32,0.021968147,0.6588,0.6443274,0.6456787,0.6733308,0.6603,0.6712,False,0.0,2.196813,1.9916981
7,2024-05-20 13:00:00+00:00,BANDUSDT,33,0.021921998,1.5152,1.4819838,1.4856994,1.547315,1.5177,1.5339,False,0.0,2.1922014,1.9469775
7,2024-05-20 13:00:00+00:00,RLCUSDT,34,0.021864897,3.0595,2.9926043,2.9930418,3.1275806,3.0634,3.1924,False,0.0,2.186492,2.1721923
7,2024-05-20 13:00:00+00:00,MKRUSDT,35,0.021912765,2785.6,2724.5598,2731.7593,2846.228,2807.3,2802.5,False,0.0,2.1912794,1.9328266
7,2024-05-20 13:00:00+00:00,SNXUSDT,36,0.021843977,2.56,2.5040793,2.5230656,2.6291797,2.587,2.652,False,0.0,2.1843984,1.442749
7,2024-05-20 13:00:00+00:00,DOTUSDT,37,0.021951318,6.974,6.8209114,6.8393555,7.110673,7.014,7.141,False,0.0,2.195133,1.9306641
8,2024-05-20 14:00:00+00:00,BTCUSDT,0,0.02190114,67063.8,65595.02,65809.6,68196.805,66963.0,68681.8,False,0.0,2.1901138,1.8701526
8,2024-05-20 14:00:00+00:00,ETHUSDT,1,0.021250151,3093.16,3027.43,3019.7146,3144.6309,3089.18,3147.04,True,3.910879373550415,2.1250107,2.3744428
8,2024-05-20 14:00:00+00:00,BCHUSDT,2,0.021890623,485.81,475.1753,474.29587,493.28937,484.28,489.1,True,2.890437126159668,2.1890666,2.370089
8,2024-05-20 14:00:00+00:00,XRPUSDT,3,0.021846358,0.513,0.50179285,0.50179344,0.5232143,0.5151,0.5232,False,0.0,2.1846323,2.184516
8,2024-05-20 14:00:00+00:00,EOSUSDT,4,0.021933062,0.793,0.77560705,0.77130705,0.80448014,0.789,0.802,True,3.362874746322632,2.1933084,2.7355525
8,2024-05-20 14:00:00+00:00,LTCUSDT,5,0.02188994,83.41,81.58417,81.77223,84.91006,83.39,84.04,False,0.0,2.1889896,1.9635195
8,2024-05-20 14:00:00+00:00,TRXUSDT,6,0.0218887,0.12187,0.11920243,0.119757734,0.1242286,0.12204,0.12219,False,0.0,2.1888702,1.7332151
8,2024-05-20 14:00:00+00:00,ETCUSDT,7,0.021888763,27.987,27.3744,27.38102,28.51147,27.894,28.231,False,0.0,2.1888745,2.1652193
8,2024-05-20 14:00:00+00:00,LINKUSDT,8,0.022023866,16.519,16.155188,16.167885,16.847212,16.48,16.429,False,0.0,2.202382,2.1255178
8,2024-05-20 14:00:00+00:00,XLMUSDT,9,0.021931134,0.10622,0.10389048,0.10389593,0.10805489,0.10611,0.10757,False,0.0,2.1931095,2.187975
8,2024-05-20 14:00:00+00:00,ADAUSDT,10,0.02182527,0.4676,0.4573945,0.45572242,0.4767109,0.4653,0.4696,True,2.6284801959991455,2.182523,2.5401127
8,2024-05-20 14:00:00+00:00,XMRUSDT,11,0.021856137,134.84,131.89291,132.24896,137.3565,135.07,135.16,False,0.0,2.1856146,1.921562
8,2024-05-20 14:00:00+00:00,DASHUSDT,12,0.021925323,29.17,28.530437,28.352007,29.593826,29.0,29.6,True,3.708848714828491,2.1925354,2.8042276
8,2024-05-20 14:00:00+00:00,ZECUSDT,13,0.02193575,23.46,22.945387,22.851078,23.927425,23.36,23.52,True,2.464266300201416,2.193573,2.5955715
8,2024-05-20 14:00:00+00:00,XTZUSDT,14,0.021919563,0.911,0.8910313,0.88574576,0.923844,0.907,0.927,True,3.9967451095581055,2.1919527,2.772146
8,2024-05-20 14:00:00+00:00,BNBUSDT,15,0.02203661,571.63,559.0332,558.90454,581.6685,571.39,578.08,True,3.367098808288574,2.2036633,2.2261715
8,2024-05-20 14:00:00+00:00,ATOMUSDT,16,0.021869577,8.208,8.028495,8.038686,8.34832,8.201,8.392,False,0.0,2.186956,2.062797
8,2024-05-20 14:00:00+00:00,ONTUSDT,17,0.021986809,0.3087,0.30191267,0.30073324,0.31436887,0.3069,0.3136,True,3.831099033355713,2.1986816,2.580744
8,2024-05-20 14:00:00+00:00,IOTAUSDT,18,0.021900333,0.2158,0.2110739,0.21076438,0.21941255,0.215,0.2197,True,4.046762466430664,2.1900356,2.333468
8,2024-05-20 14:00:00+00:00,BATUSDT,19,0.021943795,0.2387,0.23346202,0.23317856,0.24163851,0.2375,0.2434,True,4.216783046722412,2.1943786,2.3131323
8,2024-05-20 14:00:00+00:00,VETUSDT,20,0.022035085,0.034403,0.03364493,0.03340021,0.034805242,0.034129,0.034913,True,3.7289786338806152,2.2035012,2.9148288
8,2024-05-20 14:00:00+00:00,NEOUSDT,21,0.021929616,14.883,14.556622,14.500934,15.132244,14.794,15.192,True,4.324878215789795,2.1929638,2.567135
8,2024-05-20 14:00:00+00:00,QTUMUSDT,22,0.021910684,3.613,3.5338366,3.5125754,3.667293,3.59,3.671,True,3.841430425643921,2.191069,2.7795331
8,2024-05-20 14:00:00+00:00,IOSTUSDT,23,0.022001892,0.008925,0.008728634,0.008695789,0.009036163,0.008877,0.009092,True,4.122927188873291,2.2001858,2.5681963
8,2024-05-20 14:00:00+00:00,THETAUSDT,24,0.02198847,2.3003,2.2497199,2.2455914,2.3415015,2.2792,2.3751,True,5.533140182495117,2.1988447,2.3783195
8,2024-05-20 14:00:00+00:00,ALGOUSDT,25,0.02191323,0.1756,0.17175205,0.1721459,0.1787867,0.1751,0.1795,False,0.0,2.1913192,1.9670297
8,2024-05-20 14:00:00+00:00,ZILUSDT,26,0.021965142,0.02278,0.022279633,0.022190897,0.023157408,0.02273,0.02312,True,3.7319018840789795,2.196515,2.5860515
8,2024-05-20 14:00:00+00:00,KNCUSDT,27,0.02190467,0.5714,0.55888367,0.55544907,0.5786358,0.5671,0.5794,True,3.6309492588043213,2.1904655,2.7915504
8,2024-05-20 14:00:00+00:00,ZRXUSDT,28,0.021922417,0.5369,0.52512985,0.5245344,0.5438003,0.5381,0.5426,True,3.2868194580078125,2.1922388,2.303144
8,2024-05-20 14:00:00+00:00,COMPUSDT,29,0.021900244,55.28,54.069355,53.91162,56.318264,55.05,56.34,True,4.1595048904418945,2.1900215,2.4753575
8,2024-05-20 14:00:00+00:00,DOGEUSDT,30,0.02184477,0.15187,0.14855243,0.14875431,0.15430123,0.15141,0.15318,False,0.0,2.1844766,2.0515466
8,2024-05-20 14:00:00+00:00,SXPUSDT,31,0.021892833,0.3274,0.32023227,0.31905922,0.332031,0.3259,0.3327,True,3.8533434867858887,2.1892874,2.5475795
8,2024-05-20 14:00:00+00:00,KAVAUSDT,32,0.02192856,0.6603,0.6458206,0.6476011,0.67161465,0.6602,0.6712,False,0.0,2.1928515,1.9231998
8,2024-05-20 14:00:00+00:00,BANDUSDT,33,0.021922383,1.5177,1.4844283,1.4819853,1.5408531,1.5159,1.5295,True,2.9963018894195557,2.192243,2.3532073
8,2024-05-20 14:00:00+00:00,RLCUSDT,34,0.021880798,3.0634,2.9963703,2.991513,3.1153815,3.0546,3.1724,True,5.834764003753662,2.1880825,2.3466415
8,2024-05-20 14:00:00+00:00,MKRUSDT,35,0.021896282,2807.3,2745.8306,2727.6184,2846.5894,2774.2,2813.4,True,2.420797824859619,2.1896298,2.8383727
8,2024-05-20 14:00:00+00:00,SNXUSDT,36,0.021860112,2.587,2.5304477,2.5242155,2.6148827,2.566,2.66,True,5.07974100112915,2.1860137,2.4269207
8,2024-05-20 14:00:00+00:00,DOTUSDT,37,0.021975411,7.014,6.8598647,6.8214874,7.1415915,6.996,7.162,True,4.364394187927246,2.197537,2.7446895
9,2024-05-20 15:00:00+00:00,BTCUSDT,0,0.021894934,66963.0,65496.85,65946.78,68386.53,67382.1,69996.4,False,0.0,2.1894903,1.5175825
9,2024-05-20 15:00:00+00:00,ETHUSDT,1,0.021247268,3089.18,3023.5432,3031.9092,3165.9597,3116.95,3438.29,False,0.0,2.1247296,1.8539144
9,2024-05-20 15:00:00+00:00,BCHUSDT,2,0.02188234,484.28,473.6828,475.06775,493.17783,484.78,504.92,False,0.0,2.188238,1.902257
9,2024-05-20 15:00:00+00:00,XRPUSDT,3,0.021849904,0.5151,0.5038451,0.50544477,0.5262867,0.5165,0.5338,False,0.0,2.1849945,1.8744395
9,2024-05-20 15:00:00+00:00,EOSUSDT,4,0.021934949,0.789,0.7716933,0.7753465,0.80765533,0.794,0.838,False,0.0,2.1934965,1.7304764
9,2024-05-20 15:00:00+00:00,LTCUSDT,5,0.021885008,83.39,81.565,82.294,85.189156,83.6,86.6,False,0.0,2.1885083,1.3143071
9,2024-05-20 15:00:00+00:00,TRXUSDT,6,0.021881595,0.12204,0.119369574,0.11979053,0.12442792,0.12203,0.12291,False,0.0,2.1881592,1.843225
9,2024-05-20 15:00:00+00:00,ETCUSDT,7,0.021888554,27.894,27.28344,27.32769,28.584066,28.134,29.86,False,0.0,2.188856,2.0302181
9,2024-05-20 15:00:00+00:00,LINKUSDT,8,0.022012334,16.48,16.117235,16.140848,16.843365,16.479,17.062,False,0.0,2.20124,2.0579574
9,2024-05-20 15:00:00+00:00,XLMUSDT,9,0.021928558,0.10611,0.10378316,0.10453652,0.10808716,0.10684,0.11003,False,0.0,2.1928554,1.4828769
9,2024-05-20 15:00:00+00:00,ADAUSDT,10,0.021819219,0.4653,0.4551475,0.45722923,0.47483706,0.4683,0.4895,False,0.0,2.1819232,1.7345299
9,2024-05-20 15:00:00+00:00,XMRUSDT,11,0.021852555,135.07,132.11838,132.81473,137.9338,135.68,135.45,False,0.0,2.185259,1.6697116
9,2024-05-20 15:00:00+00:00,DASHUSDT,12,0.021930024,29.0,28.364029,28.56169,29.783293,29.32,30.67,False,0.0,2.1930037,1.511416
9,2024-05-20 15:00:00+00:00,ZECUSDT,13,0.021925446,23.36,22.847822,23.024782,23.820417,23.49,24.37,False,0.0,2.1925445,1.4350103
9,2024-05-20 15:00:00+00:00,XTZUSDT,14,0.021918975,0.907,0.88711953,0.89268655,0.9317613,0.917,0.962,False,0.0,2.1918933,1.5781102
9,2024-05-20 15:00:00+00:00,BNBUSDT,15,0.022015218,571.39,558.8107,564.98004,584.2962,576.6,589.47,False,0.0,2.2015235,1.1218209
9,2024-05-20 15:00:00+00:00,ATOMUSDT,16,0.021848394,8.201,8.021822,8.031762,8.468511,8.316,8.683,False,0.0,2.184834,2.0636272
9,2024-05-20 15:00:00+00:00,ONTUSDT,17,0.021964163,0.3069,0.3001592,0.30221453,0.3151393,0.3103,0.326,False,0.0,2.1964185,1.5267063
9,2024-05-20 15:00:00+00:00,IOTAUSDT,18,0.021894118,0.215,0.21029277,0.21192607,0.22386777,0.2201,0.227,False,0.0,2.1894102,1.4297352
9,2024-05-20 15:00:00+00:00,BATUSDT,19,0.021952512,0.2375,0.23228627,0.23281643,0.24419223,0.2409,0.2521,False,0.0,2.1952517,1.9720292
9,2024-05-20 15:00:00+00:00,VETUSDT,20,0.02203632,0.034129,0.033376925,0.03361944,0.035266634,0.034635,0.036105,False,0.0,2.2036288,1.4930414
9,2024-05-20 15:00:00+00:00,NEOUSDT,21,0.02193997,14.794,14.4694195,14.6319685,15.15123,14.93,15.918,False,0.0,2.1939988,1.0952493
9,2024-05-20 15:00:00+00:00,QTUMUSDT,22,0.02190807,3.59,3.51135,3.5395105,3.6746376,3.62,3.813,False,0.0,2.1908078,1.4063907
9,2024-05-20 15:00:00+00:00,IOSTUSDT,23,0.021983314,0.008877,0.008681854,0.008720861,0.00915255,0.008971,0.009407,False,0.0,2.1983285,1.7589166
9,2024-05-20 15:00:00+00:00,THETAUSDT,24,0.021984741,2.2792,2.2290924,2.2509437,2.407793,2.3527,2.4419,False,0.0,2.1984782,1.2397515
9,2024-05-20 15:00:00+00:00,ALGOUSDT,25,0.021921754,0.1751,0.1712615,0.17279251,0.18087754,0.1774,0.1849,False,0.0,2.1921728,1.3178124
9,2024-05-20 15:00:00+00:00,ZILUSDT,26,0.021948,0.02273,0.022231122,0.022443844,0.023313126,0.02299,0.02403,False,0.0,2.1947992,1.2589368
9,2024-05-20 15:00:00+00:00,KNCUSDT,27,0.021900974,0.5671,0.55467993,0.5571923,0.58480036,0.5741,0.5981,False,0.0,2.1901002,1.7470751
9,2024-05-20 15:00:00+00:00,ZRXUSDT,28,0.021941172,0.5381,0.52629346,0.53089523,0.5547489,0.5436,0.5622,False,0.0,2.1941178,1.3389279
9,2024-05-20 15:00:00+00:00,COMPUSDT,29,0.02189523,55.05,53.844666,54.256428,56.460087,55.53,58.43,False,0.0,2.1895254,1.4415467
9,2024-05-20 15:00:00+00:00,DOGEUSDT,30,0.021848837,0.15141,0.14810187,0.149092,0.15503448,0.15229,0.15759,False,0.0,2.1848836,1.5309391
9,2024-05-20 15:00:00+00:00,SXPUSDT,31,0.021893017,0.3259,0.31876504,0.32062146,0.33567357,0.3293,0.3445,False,0.0,2.1893048,1.6196773
9,2024-05-20 15:00:00+00:00,KAVAUSDT,32,0.02194064,0.6602,0.64571476,0.6473219,0.6785791,0.6651,0.6864,False,0.0,2.1940684,1.9506391
9,2024-05-20 15:00:00+00:00,BANDUSDT,33,0.021922894,1.5159,1.4826671,1.5015074,1.5539954,1.5309,1.5586,False,0.0,2.19229,0.9494435
9,2024-05-20 15:00:00+00:00,RLCUSDT,34,0.021858795,3.0546,2.9878302,2.9895387,3.1792467,3.1173,3.2494,False,0.0,2.1858783,2.129946
9,2024-05-20 15:00:00+00:00,MKRUSDT,35,0.021925474,2774.2,2713.3743,2728.86,2823.9504,2783.0,2942.7,False,0.0,2.1925488,1.6343395
9,2024-05-20 15:00:00+00:00,SNXUSDT,36,0.021834563,2.566,2.5099726,2.5225832,2.658932,2.607,2.817,False,0.0,2.1834533,1.6920007
9,2024-05-20 15:00:00+00:00,DOTUSDT,37,0.021960046,6.996,6.8423676,6.878752,7.183721,7.047,7.41,False,0.0,2.196,1.6759231
10,2024-05-20 16:00:00+00:00,BTCUSDT,0,0.02191327,67382.1,65905.54,66319.266,69143.14,68164.4,69490.0,False,0.0,2.1913276,1.5773269
10,2024-05-20 16:00:00+00:00,ETHUSDT,1,0.021251487,3116.95,3050.7102,3069.8086,3185.5005,3133.79,3500.83,False,0.0,2.1251462,1.5124195
10,2024-05-20 16:00:00+00:00,BCHUSDT,2,0.021874197,484.78,474.17584,476.50522,497.21652,488.44,504.47,False,0.0,2.1874163,1.7069147
10,2024-05-20 16:00:00+00:00,XRPUSDT,3,0.021789256,0.5165,0.50524586,0.5094553,0.5294944,0.5193,0.5313,False,0.0,2.178922,1.3639251
10,2024-05-20 16:00:00+00:00,EOSUSDT,4,0.021996045,0.794,0.7765352,0.78153026,0.81730837,0.804,0.843,False,0.0,2.199599,1.5704997
10,2024-05-20 16:00:00+00:00,LTCUSDT,5,0.021896062,83.6,81.769485,82.16009,85.5858,83.9,86.31,False,0.0,2.1896088,1.7223815
10,2024-05-20 16:00:00+00:00,TRXUSDT,6,0.02185532,0.12203,0.119362995,0.11949943,0.12453467,0.12222,0.12282,False,0.0,2.1855302,2.0737257
10,2024-05-20 16:00:00+00:00,ETCUSDT,7,0.021906938,28.134,27.517672,27.61685,28.843107,28.253,30.76,False,0.0,2.1906917,1.8381704
10,2024-05-20 16:00:00+00:00,LINKUSDT,8,0.022042738,16.479,16.115757,16.147818,16.766962,16.522,16.836,False,0.0,2.204279,2.0097244
10,2024-05-20 16:00:00+00:00,XLMUSDT,9,0.021912785,0.10684,0.10449883,0.10473232,0.10934502,0.10724,0.11072,False,0.0,2.1912825,1.9727442
10,2024-05-20 16:00:00+00:00,ADAUSDT,10,0.021780811,0.4683,0.45810008,0.4610139,0.4823991,0.4722,0.489,False,0.0,2.1780767,1.555862
10,2024-05-20 16:00:00+00:00,XMRUSDT,11,0.021813521,135.68,132.72034,133.32195,138.85257,135.97,134.83,False,0.0,2.1813502,1.7379477
10,2024-05-20 16:00:00+00:00,DASHUSDT,12,0.021954708,29.32,28.676287,28.756624,30.014133,29.43,30.6,False,0.0,2.1954741,1.9214716
10,2024-05-20 16:00:00+00:00,ZECUSDT,13,0.021926794,23.49,22.97494,22.977764,23.91148,23.48,24.41,False,0.0,2.1926796,2.1806543
10,2024-05-20 16:00:00+00:00,XTZUSDT,14,0.021910492,0.917,0.8969081,0.8990163,0.9402691,0.927,0.968,False,0.0,2.1910458,1.9611424
10,2024-05-20 16:00:00+00:00,BNBUSDT,15,0.02204625,576.6,563.8881,565.42816,587.8542,578.25,588.05,False,0.0,2.2046225,1.9375328
10,2024-05-20 16:00:00+00:00,ATOMUSDT,16,0.021871608,8.316,8.134115,8.2257185,8.567948,8.421,8.695,False,0.0,2.1871665,1.0856359
10,2024-05-20 16:00:00+00:00,ONTUSDT,17,0.02199882,0.3103,0.30347377,0.30444616,0.31838742,0.3129,0.3268,False,0.0,2.1998782,1.8865073
10,2024-05-20 16:00:00+00:00,IOTAUSDT,18,0.021985393,0.2201,0.21526101,0.21658076,0.22502,0.2205,0.2269,False,0.0,2.1985407,1.5989264
10,2024-05-20 16:00:00+00:00,BATUSDT,19,0.022004772,0.2409,0.23559904,0.23657538,0.24751857,0.2435,0.2522,False,0.0,2.200479,1.7951909
10,2024-05-20 16:00:00+00:00,VETUSDT,20,0.02206549,0.034635,0.03387076,0.034019243,0.035408076,0.034913,0.036275,False,0.0,2.2065527,1.777846
10,2024-05-20 16:00:00+00:00,NEOUSDT,21,0.021933675,14.93,14.6025305,14.689197,15.41479,15.161,16.157,False,0.0,2.193368,1.6128849
10,2024-05-20 16:00:00+00:00,QTUMUSDT,22,0.021898624,3.62,3.540727,3.556029,3.700195,3.662,3.828,False,0.0,2.1898615,1.7671493
10,2024-05-20 16:00:00+00:00,IOSTUSDT,23,0.02198144,0.008971,0.008773805,0.008791159,0.009217445,0.009044,0.009576,False,0.0,2.1981435,2.004695
10,2024-05-20 16:00:00+00:00,THETAUSDT,24,0.022061838,2.3527,2.300795,2.2833438,2.3834178,2.3281,2.4345,True,5.771247863769531,2.206185,2.9479408
10,2024-05-20 16:00:00+00:00,ALGOUSDT,25,0.021968283,0.1774,0.17350282,0.17434035,0.18231499,0.1788,0.1838,False,0.0,2.1968293,1.724713
10,2024-05-20 16:00:00+00:00,ZILUSDT,26,0.022012427,0.02299,0.022483934,0.02252224,0.023646532,0.02318,0.02415,False,0.0,2.2012432,2.0346177
10,2024-05-20 16:00:00+00:00,KNCUSDT,27,0.021883719,0.5741,0.56153655,0.5629872,0.5883971,0.5801,0.6039,False,0.0,2.188376,1.9356921
10,2024-05-20 16:00:00+00:00,ZRXUSDT,28,0.021895003,0.5436,0.5316979,0.5364405,0.5612917,0.5508,0.5646,False,0.0,2.1894946,1.3170587
10,2024-05-20 16:00:00+00:00,COMPUSDT,29,0.02189638,55.53,54.314095,54.60604,57.31096,56.24,58.59,False,0.0,2.189635,1.6638895
10,2024-05-20 16:00:00+00:00,DOGEUSDT,30,0.021817092,0.15229,0.14896747,0.14984515,0.15588859,0.15219,0.15809,False,0.0,2.1817105,1.6053901
10,2024-05-20 16:00:00+00:00,SXPUSDT,31,0.021887913,0.3293,0.3220923,0.32373893,0.3381955,0.3318,0.3479,False,0.0,2.188792,1.68875
10,2024-05-20 16:00:00+00:00,KAVAUSDT,32,0.021935113,0.6651,0.65051097,0.65112907,0.6805196,0.6702,0.6882,False,0.0,2.1935067,2.100573
10,2024-05-20 16:00:00+00:00,BANDUSDT,33,0.021866247,1.5309,1.497425,1.501816,1.5639713,1.537,1.5443,False,0.0,2.186625,1.8997954
10,2024-05-20 16:00:00+00:00,RLCUSDT,34,0.021892115,3.1173,3.0490556,3.0705533,3.2303102,3.1622,3.2457,False,0.0,2.1892169,1.4995904
10,2024-05-20 16:00:00+00:00,MKRUSDT,35,0.021920953,2783.0,2721.994,2717.4736,2849.0508,2782.4,2998.1,True,10.103527069091797,2.1920986,2.3545227
10,2024-05-20 16:00:00+00:00,SNXUSDT,36,0.021838926,2.607,2.550066,2.5706072,2.6822135,2.636,2.849,False,0.0,2.183894,1.3959695
10,2024-05-20 16:00:00+00:00,DOTUSDT,37,0.022001185,7.047,6.8919573,6.9130335,7.2477636,7.117,7.414,False,0.0,2.2001228,1.9010422
